{"cameraMode":{"drawMode":0,"name":"Shaded","section":"Shading Mode"},"sceneLighting":false,"audioPlay":false,"sceneViewState":{"m_AlwaysRefresh":false,"showFog":true,"showSkybox":false,"showFlares":true,"showImageEffects":true,"showParticleSystems":true,"showVisualEffectGraphs":true,"m_FxEnabled":true},"in2DMode":false,"pivot":{"x":-0.023334860801696779,"y":0.3724363148212433,"z":0.04401940107345581},"rotation":{"x":-0.12192216515541077,"y":-0.7168710231781006,"z":0.1295173466205597,"w":-0.6742783784866333},"size":0.5482253432273865,"orthographic":false}